{"I11":{"segments":[],"streamId":42},"I13":{"segments":[{"bitrate":107,"codec":"h264","duration":4,"fps":25.0,"resolution":"256x114","start":0},{"bitrate": 107,"codec":"h264","duration":4,"fps":25.0,"resolution":"256x114","start":4},{"bitrate": 1347,"codec":"h264","duration":4,"fps":25.0,"resolution":"1280x572","start":8},{"bitrate": 1347,"codec":"h264","duration":4,"fps":25.0,"resolution":"1280x572","start":12},{"bitrate": 1347,"codec":"h264","duration":4,"fps":25.0,"resolution":"1280x572","start":16},{"bitrate": 1347,"codec":"h264","duration":4,"fps":25.0,"resolution":"1280x572","start":20},{"bitrate": 1347,"codec":"h264","duration":4,"fps":25.0,"resolution":"1280x572","start":24},{"bitrate": 2426,"codec":"h264","duration":4,"fps":25.0,"resolution":"1920x858","start":28},{"bitrate": 2426,"codec":"h264","duration":4,"fps":25.0,"resolution":"1920x858","start":32},{"bitrate": 2426,"codec":"h264","duration":4,"fps":25.0,"resolution":"1920x858","start":36},{"bitrate": 2426,"codec":"h264","duration":4,"fps":25.0,"resolution":"1920x858","start":40},{"bitrate": 2426,"codec":"h264","duration":4,"fps":25.0,"resolution":"1920x858","start":44},{"bitrate": 2426,"codec":"h264","duration":4,"fps":25.0,"resolution":"1920x858","start":48},{"bitrate": 2426,"codec":"h264","duration":4,"fps":25.0,"resolution":"1920x858","start":52},{"bitrate": 2426,"codec":"h264","duration":4,"fps":25.0,"resolution":"1920x858","start":56},{"bitrate": 2426,"codec":"h264","duration":4,"fps":25.0,"resolution":"1920x858","start":60},{"bitrate": 2426,"codec":"h264","duration":4,"fps":25.0,"resolution":"1920x858","start":64},{"bitrate": 2426,"codec":"h264","duration":4,"fps":25.0,"resolution":"1920x858","start":68},{"bitrate": 2426,"codec":"h264","duration":4,"fps":25.0,"resolution":"1920x858","start":72},{"bitrate": 2426,"codec":"h264","duration":4,"fps":25.0,"resolution":"1920x858","start":76},{"bitrate": 2426,"codec":"h264","duration":4,"fps":25.0,"resolution":"1920x858","start":80},{"bitrate": 2426,"codec":"h264","duration":4,"fps":25.0,"resolution":"1920x858","start":84},{"bitrate": 4121,"codec":"h264","duration":4,"fps":25.0,"resolution":"2560x1142","start":88},{"bitrate": 1347,"codec":"h264","duration":4,"fps":25.0,"resolution":"1280x572","start":92},{"bitrate": 1347,"codec":"h264","duration":4,"fps":25.0,"resolution":"1280x572","start":96},{"bitrate": 1347,"codec":"h264","duration":4,"fps":25.0,"resolution":"1280x572","start":100},{"bitrate": 1347,"codec":"h264","duration":4,"fps":25.0,"resolution":"1280x572","start":104},{"bitrate": 715,"codec":"h264","duration":4,"fps":25.0,"resolution":"854x382","start":108},{"bitrate": 107,"codec":"h264","duration":4,"fps":25.0,"resolution":"256x114","start":112},{"bitrate": 240,"codec":"h264","duration":4,"fps":25.0,"resolution":"426x190","start":116},{"bitrate": 346,"codec":"h264","duration":4,"fps":25.0,"resolution":"640x286","start":120},{"bitrate": 346,"codec":"h264","duration":4,"fps":25.0,"resolution":"640x286","start":124},{"bitrate": 346,"codec":"h264","duration":4,"fps":25.0,"resolution":"640x286","start":128},{"bitrate": 107,"codec":"h264","duration":4,"fps":25.0,"resolution":"256x114","start":132},{"bitrate": 107,"codec":"h264","duration":4,"fps":25.0,"resolution":"256x114","start":136},{"bitrate": 715,"codec":"h264","duration":4,"fps":25.0,"resolution":"854x382","start":140},{"bitrate": 1347,"codec":"h264","duration":4,"fps":25.0,"resolution":"1280x572","start":144},{"bitrate": 715,"codec":"h264","duration":4,"fps":25.0,"resolution":"854x382","start":148},{"bitrate": 715,"codec":"h264","duration":4,"fps":25.0,"resolution":"854x382","start":152},{"bitrate": 1347,"codec":"h264","duration":4,"fps":25.0,"resolution":"1280x572","start":156},{"bitrate": 2426,"codec":"h264","duration":4,"fps":25.0,"resolution":"1920x858","start":160},{"bitrate": 2426,"codec":"h264","duration":4,"fps":25.0,"resolution":"1920x858","start":164},{"bitrate": 4121,"codec":"h264","duration":4,"fps":25.0,"resolution":"2560x1142","start":168},{"bitrate": 4121,"codec":"h264","duration":4,"fps":25.0,"resolution":"2560x1142","start":172},{"bitrate": 4121,"codec":"h264","duration":4,"fps":25.0,"resolution":"2560x1142","start":176},{"bitrate": 4121,"codec":"h264","duration":4,"fps":25.0,"resolution":"2560x1142","start":180},{"bitrate": 4121,"codec":"h264","duration":4,"fps":25.0,"resolution":"2560x1142","start":184},{"bitrate": 1347,"codec":"h264","duration":4,"fps":25.0,"resolution":"1280x572","start":188},{"bitrate": 2426,"codec":"h264","duration":4,"fps":25.0,"resolution":"1920x858","start":192},{"bitrate": 715,"codec":"h264","duration":4,"fps":25.0,"resolution":"854x382","start":196},{"bitrate": 1347,"codec":"h264","duration":4,"fps":25.0,"resolution":"1280x572","start":200},{"bitrate": 1347,"codec":"h264","duration":4,"fps":25.0,"resolution":"1280x572","start":204},{"bitrate": 1347,"codec":"h264","duration":4,"fps":25.0,"resolution":"1280x572","start":208},{"bitrate": 1347,"codec":"h264","duration":4,"fps":25.0,"resolution":"1280x572","start":212},{"bitrate": 1347,"codec":"h264","duration":4,"fps":25.0,"resolution":"1280x572","start":216},{"bitrate": 715,"codec":"h264","duration":4,"fps":25.0,"resolution":"854x382","start":220},{"bitrate": 715,"codec":"h264","duration":4,"fps":25.0,"resolution":"854x382","start":224},{"bitrate": 1347,"codec":"h264","duration":4,"fps":25.0,"resolution":"1280x572","start":228},{"bitrate": 4121,"codec":"h264","duration":4,"fps":25.0,"resolution":"2560x1142","start":232},{"bitrate": 2426,"codec":"h264","duration":4,"fps":25.0,"resolution":"1920x858","start":236},{"bitrate": 2426,"codec":"h264","duration":4,"fps":25.0,"resolution":"1920x858","start":240},{"bitrate": 2426,"codec":"h264","duration":4,"fps":25.0,"resolution":"1920x858","start":244},{"bitrate": 2426,"codec":"h264","duration":4,"fps":25.0,"resolution":"1920x858","start":248},{"bitrate": 1347,"codec":"h264","duration":4,"fps":25.0,"resolution":"1280x572","start":252},{"bitrate": 715,"codec":"h264","duration":4,"fps":25.0,"resolution":"854x382","start":256},{"bitrate": 715,"codec":"h264","duration":4,"fps":25.0,"resolution":"854x382","start":260},{"bitrate": 346,"codec":"h264","duration":4,"fps":25.0,"resolution":"640x286","start":264},{"bitrate": 346,"codec":"h264","duration":4,"fps":25.0,"resolution":"640x286","start":268},{"bitrate": 346,"codec":"h264","duration":4,"fps":25.0,"resolution":"640x286","start":272},{"bitrate": 1347,"codec":"h264","duration":4,"fps":25.0,"resolution":"1280x572","start":276},{"bitrate": 1347,"codec":"h264","duration":4,"fps":25.0,"resolution":"1280x572","start":280},{"bitrate": 2426,"codec":"h264","duration":4,"fps":25.0,"resolution":"1920x858","start":284},{"bitrate": 4121,"codec":"h264","duration":4,"fps":25.0,"resolution":"2560x1142","start":288},{"bitrate": 2426,"codec":"h264","duration":4,"fps":25.0,"resolution":"1920x858","start":292},{"bitrate": 2426,"codec":"h264","duration":4,"fps":25.0,"resolution":"1920x858","start":296}],"streamId":42},"I23":{"stalling":[[0.000,0.050]],"streamId": 42},"IGen":{"device":"pc","displaySize":"1920x1080","viewingDistance":"150cm"}}
